{"cameraMode":{"drawMode":0,"name":"Shaded","section":"Shading Mode"},"sceneLighting":true,"audioPlay":false,"sceneViewState":{"m_AlwaysRefresh":false,"showFog":true,"showSkybox":true,"showFlares":true,"showImageEffects":true,"showParticleSystems":true,"showVisualEffectGraphs":true,"m_FxEnabled":true},"in2DMode":false,"pivot":{"x":0.5099999904632568,"y":-0.9891969561576843,"z":0.6419999599456787},"rotation":{"x":-0.6548445224761963,"y":-0.00021910986106377095,"z":0.00021522201132029295,"w":-0.755728542804718},"size":0.7071067690849304,"orthographic":true}