{"cameraMode":{"drawMode":0,"name":"Shaded","section":"Shading Mode"},"sceneLighting":true,"audioPlay":false,"sceneViewState":{"m_AlwaysRefresh":false,"showFog":true,"showSkybox":true,"showFlares":true,"showImageEffects":true,"showParticleSystems":true,"showVisualEffectGraphs":true,"m_FxEnabled":true},"in2DMode":false,"pivot":{"x":642.3911743164063,"y":220.40338134765626,"z":-26.22479248046875},"rotation":{"x":-0.049472562968730929,"y":0.016173824667930604,"z":-0.0007774623809382319,"w":-0.9986200332641602},"size":398.8427734375,"orthographic":true}