{"cameraMode":{"drawMode":0,"name":"Shaded","section":"Shading Mode"},"sceneLighting":false,"audioPlay":false,"sceneViewState":{"m_AlwaysRefresh":false,"showFog":true,"showSkybox":false,"showFlares":true,"showImageEffects":true,"showParticleSystems":true,"showVisualEffectGraphs":true,"m_FxEnabled":true},"in2DMode":false,"pivot":{"x":0.5099999904632568,"y":-0.9891969561576843,"z":0.6419999599456787},"rotation":{"x":-0.6537097692489624,"y":0.000915632292162627,"z":-0.0007656723028048873,"w":-0.7567093968391419},"size":0.7071067690849304,"orthographic":true}